Rk,Squad,GA_home,xGA_home,GA_away,xGA_away,Poss,xGA,pAdj_xGA,pAdj_xGA_home,pAdj_xGA_away,pAdj,img_link,Tkl,TklW,Def 3rd,Mid 3rd,Att 3rd,Tkl_dri,Att_dri,Past_dri,Press,Succ_pres,Def 3rd_pres,Mid 3rd_pres,Att 3rd_pres,Blocks,Sh_block,ShSv_block,Pass_block,Int_block,Clr_block,Err_block
9,Arsenal,20,23,16,17.8,55.7,40.8,52.12307508,29.38310605,22.73996903,1.27752635,https://tmssl.akamaized.net/images/wappen/small/11.png?lm=1489787850,469,292,255,157,57,161,463,302,4745,1263,1770,2037,938,455,117,2,338,242,724,6
19,Aston Villa,24,24.4,32,32.6,45.7,57,44.93040179,19.23336498,25.69703681,0.788252663,https://tmssl.akamaized.net/images/wappen/small/405.png?lm=1469443765,485,311,271,157,57,157,483,326,4583,1272,1709,1903,971,566,181,4,385,312,757,23
18,Bournemouth,21,19.6,26,25.8,44.7,45.4,33.64293343,14.52426201,19.11867142,0.741033776,https://tmssl.akamaized.net/images/wappen/small/989.png?lm=1457991811,428,260,219,168,41,142,446,304,5224,1319,1759,2289,1176,552,146,3,406,387,983,10
15,Brighton,15,16.7,25,23.9,55.8,40.6,52.05467341,21.41165138,30.64302203,1.282134813,https://tmssl.akamaized.net/images/wappen/small/1237.png?lm=1492718902,519,326,255,194,70,167,497,330,4535,1405,1531,1918,1086,457,109,3,348,308,707,11
10,Burnley,19,17,21,19,40.2,36,19.64820841,9.278320639,10.36988777,0.545783567,https://tmssl.akamaized.net/images/wappen/small/1132.png?lm=1587809239,454,269,201,190,63,171,485,314,4707,1179,1394,2097,1216,542,142,2,400,296,972,4
4,Chelsea,15,9.8,24,18.3,60,28.1,41.08549211,14.32874814,26.75674397,1.462117157,https://tmssl.akamaized.net/images/wappen/small/631.png?lm=1444558831,597,371,282,242,73,182,495,313,4949,1504,1403,2296,1250,449,80,2,369,356,729,7
11,Crystal Palace,13,15.4,19,22.5,44.4,37.9,27.55689743,11.19726175,16.35963568,0.727094919,https://tmssl.akamaized.net/images/wappen/small/873.png?lm=1457723287,555,335,306,195,54,182,480,298,4947,1319,1972,2063,912,526,126,2,400,342,821,10
12,Everton,15,16.1,31,21,49.8,37.1,36.72901235,15.93900536,20.79000699,0.990000333,https://tmssl.akamaized.net/images/wappen/small/29.png?lm=1445949846,602,331,292,217,93,209,586,377,4853,1325,1561,2140,1152,418,83,1,335,315,786,6
3,Leicester City,15,18.4,13,17,56.7,35.4,46.83442366,24.34331625,22.49110741,1.323006318,https://tmssl.akamaized.net/images/wappen/small/1003.png?lm=1472229265,595,368,287,230,78,227,631,404,5112,1546,1689,2308,1115,461,85,2,376,329,820,9
1,Liverpool,12,14.9,9,14.4,62.8,29.3,45.8515569,23.31700334,22.53455356,1.564899553,https://tmssl.akamaized.net/images/wappen/small/31.png?lm=1456567819,483,302,186,204,93,181,493,312,4608,1462,1265,1919,1424,387,62,1,325,260,733,7
2,Manchester City,12,10.6,19,15.6,66,26.2,43.59776337,17.63878976,25.95897361,1.66403677,https://tmssl.akamaized.net/images/wappen/small/281.png?lm=1467356331,436,275,175,177,84,175,509,334,3949,1198,934,1715,1300,341,51,0,290,267,499,9
5,Manchester Utd,12,11.5,18,17.9,54.7,29.4,36.18456488,14.1538264,22.03073848,1.230767513,https://tmssl.akamaized.net/images/wappen/small/985.png?lm=1457975903,488,287,232,190,66,166,501,335,4892,1394,1546,2221,1125,487,88,0,399,278,710,6
13,Newcastle Utd,12,23.2,29,22.5,36.9,45.7,19.42129754,9.859389562,9.56190798,0.424973688,https://tmssl.akamaized.net/images/wappen/small/762.png?lm=1472921161,521,296,314,158,49,167,480,313,4985,1217,2157,1996,832,509,132,5,377,311,902,10
20,Norwich City,26,24.6,26,22,50.2,46.6,47.06598448,24.84599181,22.21999267,1.009999667,https://tmssl.akamaized.net/images/wappen/small/1123.png?lm=1457723273,571,341,333,171,67,203,618,415,5292,1435,2130,2190,972,562,155,4,407,305,843,9
7,Sheffield Utd,13,16.4,12,17.4,43.5,33.8,23.18609274,11.25005683,11.93603591,0.685979075,https://tmssl.akamaized.net/images/wappen/small/350.png?lm=1409254138,501,303,268,167,66,157,474,317,4899,1372,1633,2078,1188,457,100,2,357,321,941,11
14,Southampton,31,21.2,21,19.8,47.7,41,36.30567593,18.77269097,17.53298496,0.885504291,https://tmssl.akamaized.net/images/wappen/small/180.png?lm=1444560086,626,379,309,238,79,238,709,471,5618,1709,1838,2400,1380,546,109,0,437,285,1002,16
8,Tottenham,15,18,25,24.7,52.7,42.7,48.42973409,20.41534458,28.01438951,1.13418581,https://tmssl.akamaized.net/images/wappen/small/148.png?lm=1544345801,554,358,272,232,50,173,560,387,5054,1425,1817,2247,990,512,134,2,378,265,852,8
17,Watford,17,19.8,27,24,42.7,43.8,28.48705813,12.87771121,15.60934692,0.650389455,https://tmssl.akamaized.net/images/wappen/small/1010.png?lm=1468103673,550,345,282,203,65,188,625,437,5346,1448,1839,2347,1160,473,112,4,361,314,906,8
16,West Ham,26,24,24,29.3,44,53.3,37.77303778,17.00849731,20.76454047,0.708687388,https://tmssl.akamaized.net/images/wappen/small/379.png?lm=1464675260,570,366,318,203,49,189,628,439,5366,1436,1980,2370,1016,506,101,1,405,330,726,11
6,Wolves,17,14.1,17,13.8,46.9,27.9,23.60980244,11.93183564,11.6779668,0.846229478,https://tmssl.akamaized.net/images/wappen/small/543.png?lm=1467496784,583,341,326,203,54,224,605,381,5180,1402,1935,2348,897,461,104,0,357,336,775,11
